Company,CTO Name,CTO Email,LinkedIn URL,Drafted Email,Drafted LinkedIn Note
Khazna,Ahmed Wagueeh — Co-founder & Chief Technology Officer,ahmed.wagueeh@khazna.app [PATTERN-INFERRED],"https://www.linkedin.com/search/results/people/?keywords=Ahmed%20Wagueeh%20Khazna [search link, not a resolved profile]","Subject: Building with AI at Khazna?

Hi Ahmed, I’m reaching out because I wasn't able to find a specific public AI feature for Khazna, so this is a general introduction to AgenticGuard. We help engineering teams secure their AI agent deployments against prompt injection, RAG data exposure, and autonomous agent manipulation. As you look at your roadmap, are you currently building or planning to deploy any autonomous AI agents? If so, I’d love to share how we help teams keep those systems secure as they scale. Do you have 15 minutes for a brief chat sometime next week?","Hi Ahmed, I couldn't find any public AI features at Khazna, so I'm reaching out generally. AgenticGuard helps engineering teams secure AI agent deployments against prompt injection and data exposure. Are you currently building with AI?"
Nowpay,Ahmed Sabry — Co-founder & Chief Technology Officer,asabry@nowpay.com [PATTERN-INFERRED],"https://www.linkedin.com/search/results/people/?keywords=Ahmed%20Sabry%20Nowpay [search link, not a resolved profile]","Subject: Security for Nowpay's AI initiatives

Hi Ahmed, I wasn't able to find a specific public AI feature listed for Nowpay, so this is a general introduction. AgenticGuard helps engineering teams secure their AI agent deployments against prompt injection, RAG data exposure, and autonomous agent manipulation. We provide a specialized guardrail layer to ensure AI agents behave as intended before they reach production. Are you currently building with AI or exploring agentic workflows at Nowpay? If so, I’d love to learn more about your technical requirements and see if our security framework could be a fit. Would you be open to a 10-minute conversation?","Hi Ahmed, I’m reaching out from AgenticGuard. I couldn't find a public AI feature for Nowpay, so I’m keeping this brief: we help engineering teams secure AI agents against prompt injection and data exposure. Are you building with AI right now?"
Paymob,Mostafa Menessy — Co-founder & Chief Technology Officer,mostafamenessy@paymob.com [VERIFIED],"https://www.linkedin.com/search/results/people/?keywords=Mostafa%20Menessy%20Paymob [search link, not a resolved profile]","Subject: Security for AI agents at Paymob

I wasn't able to find a specific public AI agent feature for Paymob, so this is a general introduction. At AgenticGuard, we help engineering teams secure AI deployments against prompt injection, RAG data exposure, and autonomous agent manipulation. As your team looks to integrate more advanced AI capabilities, are you currently building or deploying autonomous agents? I would welcome a brief conversation to learn more about your AI roadmap and see if our security controls align with your future projects.","Hi Mostafa, I wasn't able to find a specific public AI agent feature for Paymob, so I wanted to reach out generally. AgenticGuard secures AI deployments against manipulation and data exposure. Are you building with AI agents currently? I'd love to connect."
Tabby,Slava Slutsker — Head of Engineering,slava.slutsker@tabby.ai [VERIFIED],https://www.linkedin.com/in/slava-slutsker,"Subject: Security for Tabby's AI initiatives

I wasn't able to find a specific public AI feature for Tabby, so this is a general introduction. I'm with AgenticGuard, where we help engineering teams secure their AI deployments against prompt injection, RAG data exposure, and autonomous agent manipulation. 

Are you currently building or planning to integrate AI agents into your product roadmap? If so, I’d love to learn more about your approach to securing those systems. Would you be open to a brief conversation?","Hi Slava, I'm reaching out from AgenticGuard to see if Tabby is currently developing any AI agent features. We help engineering teams secure those deployments against prompt injection and RAG data leaks. Would you be open to a brief chat?"
Tamara,Chien Hoang — VP Engineering,chien.hoang@tamara.co [PATTERN-INFERRED],"https://www.linkedin.com/search/results/people/?keywords=Chien%20Hoang%20Tamara [search link, not a resolved profile]","Subject: AI infrastructure security at Tamara

Hi Chien, I wasn't able to find a specific public AI feature for Tamara, so this is a general introduction. At AgenticGuard, we help engineering teams secure their AI agent deployments against threats like prompt injection and RAG data exposure. As you look at your roadmap, are you currently building with agentic AI? If so, I would welcome the chance to learn about your infrastructure and see if we can support your security needs.","Hi Chien, I'm reaching out from AgenticGuard. We help engineering teams secure AI agent deployments. I couldn't find any public information on AI initiatives at Tamara, but I'd love to connect and learn if you are currently building in this space."
